Type,Name,Request Count,Failure Count,Median Response Time,Average Response Time,Min Response Time,Max Response Time,Average Content Size,Requests/s,Failures/s,50%,66%,75%,80%,90%,95%,98%,99%,99.9%,99.99%,100%
POST,GetMusics,4599,0,5,6.349664633804768,3.3567919745109975,99.70391698880121,247702.0,76.6825261602997,0.0,5,6,7,8,10,12,15,23,70,100,100
POST,GetPlaylists,3056,0,4,4.899563549894197,2.136875002179295,105.54925003089011,151345.0,50.9549467157808,0.0,4,5,6,6,8,10,14,21,50,110,110
POST,GetUsers,1502,0,3,4.172979078862317,1.7085829749703407,100.8710419991985,83971.0,25.043956141067657,0.0,3,4,5,5,7,9,13,16,37,100,100
,Aggregated,9157,0,4,5.508680619831385,1.7085829749703407,105.54925003089011,188688.02664628153,152.68142901714816,0.0,4,5,6,7,9,11,15,21,53,110,110
