Type,Name,Request Count,Failure Count,Median Response Time,Average Response Time,Min Response Time,Max Response Time,Average Content Size,Requests/s,Failures/s,50%,66%,75%,80%,90%,95%,98%,99%,99.9%,99.99%,100%
POST,GetMusics,4482,0,3,3.9348518691603958,1.5489999786950648,106.80370801128447,247715.0,75.84933064794431,0.0,3,4,4,4,5,7,9,16,83,110,110
POST,GetPlaylists,3039,0,2,2.934009888736202,1.0402920306660235,80.29541600262746,151358.0,51.42929849154457,0.0,2,3,3,3,4,5,8,14,71,80,80
POST,GetUsers,1441,0,2,2.3701304358095423,0.7994999759830534,38.53545803576708,83984.0,24.386185957984775,0.0,2,2,3,3,4,5,8,9,32,39,39
,Aggregated,8962,0,3,3.3438763766400093,0.7994999759830534,106.80370801128447,188714.18611916984,151.66481509747365,0.0,3,3,4,4,5,6,9,14,79,110,110
