Type,Name,Request Count,Failure Count,Median Response Time,Average Response Time,Min Response Time,Max Response Time,Average Content Size,Requests/s,Failures/s,50%,66%,75%,80%,90%,95%,98%,99%,99.9%,99.99%,100%
POST,GetMusics,18216,0,2,2.82837498074271,1.3470839912770316,67.53999998909421,204659.0,362.8663075515897,0.0,2,3,3,3,4,5,8,16,41,61,68
POST,GetPlaylists,12058,0,2,2.358037017822601,0.8748330001253635,66.78116599505302,132102.0,240.19773476378288,0.0,2,2,3,3,4,5,8,18,38,62,67
POST,GetUsers,6104,0,1,2.193414399971635,0.6742080004187301,67.49741599196568,69528.0,121.59288215277249,0.0,1,2,2,3,4,5,9,20,40,67,67
,Aggregated,36378,0,2,2.565932445641349,0.6742080004187301,67.53999998909421,157934.82797295068,724.6569244681451,0.0,2,2,3,3,4,5,8,18,41,62,68
