Type,Name,Request Count,Failure Count,Median Response Time,Average Response Time,Min Response Time,Max Response Time,Average Content Size,Requests/s,Failures/s,50%,66%,75%,80%,90%,95%,98%,99%,99.9%,99.99%,100%
POST,GetMusics,4563,0,3,3.315715249077771,1.4257499715313315,28.07829197263345,204659.0,76.0674437053054,0.0,3,3,4,4,5,6,7,9,22,28,28
POST,GetPlaylists,3040,0,2,2.5774534680845376,0.9724579867906868,26.01316705113277,132102.0,50.67828815781906,0.0,2,3,3,3,4,5,7,9,23,26,26
POST,GetUsers,1565,0,2,2.1522295649368735,0.7695420063100755,25.088541966397315,69528.0,26.08931610756146,0.0,2,2,2,3,4,5,6,7,25,25,25
,Aggregated,9168,0,3,2.8723065547169577,0.7695420063100755,28.07829197263345,157532.7679973822,152.8350479706859,0.0,3,3,3,4,5,6,7,9,23,28,28
