Type,Name,Request Count,Failure Count,Median Response Time,Average Response Time,Min Response Time,Max Response Time,Average Content Size,Requests/s,Failures/s,50%,66%,75%,80%,90%,95%,98%,99%,99.9%,99.99%,100%
POST,GetMusics,1704,0,410,302.9080397233068,2.0658749854192138,559.0048750163987,247702.0,28.825222424279342,0.0,410,440,460,470,480,500,510,520,550,560,560
POST,GetPlaylists,1160,1,200,149.21365922034903,1.4842089731246233,352.305916021578,151214.76379310346,19.622803997748846,0.01691621034288694,200,220,230,240,250,260,270,270,340,350,350
POST,GetUsers,561,0,140,104.38205849816326,1.3116670306771994,289.24858395475894,83971.0,9.489994002359571,0.0,140,150,160,160,170,180,190,190,290,290,290
,Aggregated,3425,1,200,218.33619830703336,1.3116670306771994,559.0048750163987,188204.69051094892,57.93802042438776,0.01691621034288694,200,270,410,430,470,480,500,510,540,560,560
