Type,Name,Request Count,Failure Count,Median Response Time,Average Response Time,Min Response Time,Max Response Time,Average Content Size,Requests/s,Failures/s,50%,66%,75%,80%,90%,95%,98%,99%,99.9%,99.99%,100%
POST,GetMusics,638,0,2,3.305009411958387,0.9367499951622449,38.15391600073781,762.0,63.82376098699121,0.0,2,3,4,4,6,8,10,12,38,38,38
POST,GetPlaylists,577,0,2,3.3945266204398687,1.0502920049475506,40.08570799487643,418.0,57.72148916848578,0.0,2,3,3,4,5,7,11,35,40,40,40
POST,GetUsers,635,0,2,3.4575430265106224,0.9822919964790344,43.2140420016367,359.0,63.52364925821226,0.0,2,3,3,4,6,8,13,18,43,43,43
,Aggregated,1850,0,2,3.3852852360310814,0.9367499951622449,43.2140420016367,516.3821621621622,185.06889941368925,0.0,2,3,3,4,6,8,11,18,41,43,43
