Type,Name,Request Count,Failure Count,Median Response Time,Average Response Time,Min Response Time,Max Response Time,Average Content Size,Requests/s,Failures/s,50%,66%,75%,80%,90%,95%,98%,99%,99.9%,99.99%,100%
POST,GetMusics,13823,30,16,85.78029681725006,3.2099580130307004,7809.3434589973185,247164.41336902263,230.3242820064253,0.49987184114828614,16,42,45,57,110,170,350,1100,7800,7800,7800
POST,GetPlaylists,9026,14,14,83.01787012269489,2.1929159993305802,7811.98366699391,151110.25260358964,150.39477460681437,0.2332735258692002,14,41,43,50,100,220,580,1100,7800,7800,7800
POST,GetUsers,4655,9,13,80.21103884888113,1.7892080068122596,7787.958625005558,83808.6500537057,77.56344735150907,0.14996155234448585,13,40,43,50,100,220,380,1100,7800,7800,7800
,Aggregated,27504,53,15,83.93116362979289,1.7892080068122596,7811.98366699391,187994.62230948225,458.28250396474874,0.8831069193619722,15,41,44,52,100,220,580,1100,7800,7800,7800
