Type,Name,Request Count,Failure Count,Median Response Time,Average Response Time,Min Response Time,Max Response Time,Average Content Size,Requests/s,Failures/s,50%,66%,75%,80%,90%,95%,98%,99%,99.9%,99.99%,100%
POST,query:musics,3398,0,49,52.87601260153241,11.599541001487523,407.66708296723664,178475.0,57.529538760895825,0.0,49,59,67,72,89,110,140,160,260,410,410
POST,query:playlists,2143,0,42,46.95983539109226,6.380749982781708,358.33200003253296,117815.0,36.28187214967621,0.0,42,52,60,66,82,100,140,160,260,360,360
POST,query:users,1113,0,54,59.532686313064076,4.720708995591849,334.44558299379423,63945.0,18.843548157997954,0.0,54,67,76,82,97,120,160,200,320,330,330
,Aggregated,6654,0,47,52.084084449888515,4.720708995591849,407.66708296723664,139781.54192966636,112.65495906857,0.0,47,58,66,72,90,110,140,160,310,410,410
