Type,Name,Request Count,Failure Count,Median Response Time,Average Response Time,Min Response Time,Max Response Time,Average Content Size,Requests/s,Failures/s,50%,66%,75%,80%,90%,95%,98%,99%,99.9%,99.99%,100%
POST,query:musics,3111,0,71,75.85878814490059,12.93016699492,381.30599999567494,178475.0,51.83808061863979,0.0,71,84,92,98,120,130,160,180,270,380,380
POST,query:playlists,1925,0,66,70.01366629213845,7.301874997210689,306.25500000314787,117815.0,32.075957952710255,0.0,66,77,85,90,110,130,160,190,240,310,310
POST,query:users,1041,0,62,65.58787321048557,5.648417005431838,230.55754099914338,63945.0,17.346011547413703,0.0,62,73,81,89,100,120,140,160,220,230,230
,Aggregated,6077,0,68,72.24781529426818,5.648417005431838,381.30599999567494,139640.66891558334,101.26005011876376,0.0,68,80,89,94,110,130,160,180,260,380,380
