Type,Name,Request Count,Failure Count,Median Response Time,Average Response Time,Min Response Time,Max Response Time,Average Content Size,Requests/s,Failures/s,50%,66%,75%,80%,90%,95%,98%,99%,99.9%,99.99%,100%
POST,query:musics,4308,0,8,9.585366458743927,5.345917015802115,135.31479198718444,168475.0,72.94845692940818,0.0,8,10,11,12,15,18,22,30,75,140,140
POST,query:playlists,2878,0,5,6.900742195191151,2.8390830266289413,131.24237500596792,113015.0,48.73390414179126,0.0,5,7,9,10,13,15,20,27,91,130,130
POST,query:users,1480,0,4,5.851292964999212,2.012374985497445,77.83383398782462,60745.0,25.06121547249863,0.0,4,6,8,8,12,15,19,22,65,78,78
,Aggregated,8666,0,6,8.056082198272307,2.012374985497445,135.31479198718444,131658.2125548119,146.74357654369808,0.0,6,8,10,11,14,17,21,28,78,140,140
