Type,Name,Request Count,Failure Count,Median Response Time,Average Response Time,Min Response Time,Max Response Time,Average Content Size,Requests/s,Failures/s,50%,66%,75%,80%,90%,95%,98%,99%,99.9%,99.99%,100%
GET,GET /musics,778,0,500,431.692018863523,18.7418750138022,1042.0369579805993,168454.0,21.992759289952954,0.0,500,540,560,570,600,650,720,750,1000,1000,1000
GET,GET /playlists,505,0,260,243.7802182304175,21.857958985492587,645.4757089959458,112991.0,14.275505708774089,0.0,260,280,300,310,340,370,410,420,650,650,650
GET,GET /users,272,0,180,178.65320095605807,12.979666993487626,446.2695409893058,60725.0,7.688985253042677,0.0,180,210,230,240,270,300,340,370,450,450,450
,Aggregated,1555,0,290,326.4045476155817,12.979666993487626,1042.0369579805993,131597.9852090032,43.957250251769715,0.0,290,400,500,530,570,600,670,720,820,1000,1000
