Type,Name,Request Count,Failure Count,Median Response Time,Average Response Time,Min Response Time,Max Response Time,Average Content Size,Requests/s,Failures/s,50%,66%,75%,80%,90%,95%,98%,99%,99.9%,99.99%,100%
GET,/musics,616,0,2,2.996403194853659,0.911916999029927,34.60391599946888,268.0,61.66041518264642,0.0,2,2,3,3,5,10,16,18,35,35,35
GET,/playlists,646,0,2,2.9962677677426357,0.8663749977131374,56.03108400100609,93.0,64.66335748050257,0.0,2,2,3,3,5,10,14,15,56,56,56
GET,/users,609,0,2,2.9038514515695857,0.8104579974315129,21.785708006063942,62.0,60.95972864647998,0.0,2,2,3,3,5,9,14,16,22,22,22
,Aggregated,1871,0,2,2.966231362906186,0.8104579974315129,56.03108400100609,140.52592196686265,187.28350130962897,0.0,2,2,3,3,5,10,14,17,35,56,56
