Type,Name,Request Count,Failure Count,Median Response Time,Average Response Time,Min Response Time,Max Response Time,Average Content Size,Requests/s,Failures/s,50%,66%,75%,80%,90%,95%,98%,99%,99.9%,99.99%,100%
GET,GET /musics,23476,0,2,2.867497377212346,1.2700410006800666,152.26520800206345,168454.0,372.273927516244,0.0,2,2,3,3,4,5,6,14,87,150,150
GET,GET /playlists,15388,0,2,2.3453176205638555,0.8477919909637421,153.17412500735372,112991.0,244.01734523002054,0.0,2,2,2,3,3,4,6,11,82,150,150
GET,GET /users,7607,0,1,2.156204640101686,0.6299590022535995,150.5228750029346,60725.0,120.62905804294036,0.0,1,2,2,2,3,4,6,11,88,150,150
,Aggregated,46471,0,2,2.578153357361089,0.6299590022535995,153.17412500735372,132453.9322803469,736.9203307892049,0.0,2,2,3,3,4,4,6,12,87,150,150
