Type,Name,Request Count,Failure Count,Median Response Time,Average Response Time,Min Response Time,Max Response Time,Average Content Size,Requests/s,Failures/s,50%,66%,75%,80%,90%,95%,98%,99%,99.9%,99.99%,100%
GET,GET /musics,2313,0,3,3.2204225870206473,1.435459009371698,27.361374988686293,168454.0,73.95528333980627,0.0,3,3,4,4,5,6,8,10,18,27,27
GET,GET /playlists,1566,0,2,2.3636389749364315,0.9415409876964986,24.967124976683408,112991.0,50.07089222228129,0.0,2,2,3,3,4,5,7,9,25,25,25
GET,GET /users,799,0,2,2.017376671597077,0.7511249859817326,14.334166015032679,60725.0,25.547026108303157,0.0,2,2,2,3,4,5,6,7,14,14,14
,Aggregated,4678,0,2,2.7281274132396907,0.7511249859817326,27.361374988686293,131487.2345019239,149.57320167039072,0.0,2,3,3,4,5,6,7,9,20,27,27
