Type,Name,Request Count,Failure Count,Median Response Time,Average Response Time,Min Response Time,Max Response Time,Average Content Size,Requests/s,Failures/s,50%,66%,75%,80%,90%,95%,98%,99%,99.9%,99.99%,100%
GET,GET /musics,4570,0,3,4.135888506285439,2.1669160341843963,71.63458300055936,178453.0,77.35643984010744,0.0,3,4,4,5,6,7,9,14,47,72,72
GET,GET /playlists,3027,0,2,3.042875726167777,1.3976670452393591,63.335874991025776,117790.0,51.23806201225497,0.0,2,3,3,4,5,6,8,15,43,63,63
GET,GET /users,1523,0,2,2.7357069933689147,1.0709589696489275,80.63404099084437,63924.0,25.779837609733836,0.0,2,2,3,3,5,6,9,11,63,81,81
,Aggregated,9120,0,3,3.53928476400605,1.0709589696489275,80.63404099084437,139192.6307017544,154.37433946209623,0.0,3,3,4,4,5,6,9,14,46,81,81
